text,label,ZeroShot,COT,FewShot,COT_with_examples,APE
'Program Administrators and Nursing Staff Members shall be able to add a new cohort to the system identified by start month and year.',Functional,Functional,Functional,Functional,Functional,Functional
'The system shall notify customers of changes to its information policy.',Functional,Functional,Functional,Functional,Functional,Functional
'Only the System Administrator shall be able to reset a revoked user logon account',Non-Functional,Functional,Functional,Functional,Functional,Functional
'Program Administrators/Nursing Staff Members shall have the ability to modify information relating to a Nursing Student including student ID student name phone number e-mail status (full time or part time) and program of study.',Functional,Functional,Functional,Functional,Functional,Functional
'The product shall be available for use 24 hours per day 365 days per year',Non-Functional,Non-Functional,Non-Functional,Non-Functional,Non-Functional,Non-Functional
'The product shall be translated into foreign languages other than the target market countries’ languages in future releases. For each emerging target market it shall take no more than 5 days to configure the product for that market’s language.',Non-Functional,Non-Functional,Non-Functional,Non-Functional,Non-Functional,Non-Functional
'The system shall allow a real estate agent to query MLS information',Functional,Functional,Functional,Functional,Functional,Functional
'The website will allow customers to search for movies by title actor or director.',Functional,Functional,Functional,Functional,Functional,Functional
'The Disputes System shall accurately provide a list of possible reason codes for a given transaction. The list of possible reason codes must be derived based on the type of transaction and the industry that the merchant belongs to according to the business rules defined for the Disputes System.',Functional,Functional,Functional,Functional,Functional,Functional
'shall be able to stream purchased movie via Windows Media Player for up to 2 days aftere purchase date.',Functional,Functional,Functional,Functional,Functional,Functional
'A Program of Study shall consist of a program name and listing of required classes (both clinical and non-clinical) that must be completed.',Non-Functional,Functional,Functional,Functional,Functional,Functional
'A secondary database will be used to store historical statistics and data.',Non-Functional,Functional,Functional,Functional,Non-Functional,Functional
'The CMA report shall be returned no later 60 seconds after the user has entered the CMA report criteria.',Functional,Functional,Non-Functional,Non-Functional,Non-Functional,Non-Functional
'The recycled parts audit report shall be returned to the user within 10 seconds. The audit report shall be returned within 10 seconds.',Functional,Non-Functional,Non-Functional,Non-Functional,Non-Functional,Non-Functional
'The product shall display conference rooms according to search parameters.',Functional,Functional,Functional,Functional,Functional,Functional
'The RFS system should be available 24/7 especially during the budgeting period. The RFS system shall be available 90% of the time all year and 98% during the budgeting period. 2% of the time the system will become available within 1 hour of the time that the situation is reported.',Non-Functional,Non-Functional,Non-Functional,Non-Functional,Non-Functional,Non-Functional
'System shall let the administrator add/remove categories on the website in under 5 minutes.',Functional,Functional,Functional,Functional,Functional,Functional
'The website shall continue to operate if the streaming server goes down.',Non-Functional,Functional,Non-Functional,Non-Functional,Non-Functional,Non-Functional
'The Disputes System must allow the users to select disputable transactions (based on the age of the transaction) from a user interface and initiate a dispute (ticket retrieval request or chargeback notification) on the selected transaction.',Functional,Functional,Functional,Functional,Functional,Functional
'The product is expected to integrate with multiple database management systems. The product will operate with Oracle SQL Server DB2 MySQL HSQL and MS Access.',Non-Functional,Functional,Functional,Non-Functional,Non-Functional,Non-Functional
'The System shall allow generation of Inventory Quantity Adjustment documents on demand.',Functional,Functional,Functional,Functional,Functional,Functional
'The product shall make the users want to use it. 80% of the users surveyed report they are regularly using the product after the first 2 weeks post-launch.',Non-Functional,Non-Functional,Non-Functional,Non-Functional,Non-Functional,Non-Functional
'Website shall request and authorize credit card payment before allowing a user to stream a movie.',Functional,Functional,Functional,Functional,Functional,Functional
'The maximum wait time for a user navigating from one screen to another within the Disputes application shall be no more than 5 seconds.',Non-Functional,Non-Functional,Non-Functional,Non-Functional,Non-Functional,Non-Functional
'Only authorized users shall have access to clinical site information.',Non-Functional,Functional,Non-Functional,Functional,Non-Functional,Functional
'The interface shall be easy to use. 90% of users should be able to successfully use the system to generate a report on their first use. The interface should adhere to IBM usability standards.',Non-Functional,Non-Functional,Non-Functional,Non-Functional,Non-Functional,Non-Functional
'The product shall prevent its data from incorrect data being introduced.',Non-Functional,Functional,Non-Functional,Functional,Non-Functional,Functional
'If the shot was marked as a hit the product shall allow the offensive player to define a shot.',Functional,Functional,Functional,Functional,Functional,Functional
'The product shall end a game when a hit by the offensive player results in sinking the last of the defensive player’s ships which had not been previously marked as sunk.',Functional,Functional,Functional,Functional,Functional,Functional
'Prior to submitting the lead to the enterprise system the leads washing functionality will assign the lead to an admissions rep.',Functional,Functional,Functional,Functional,Functional,Functional
'The product shall display room equipment according to search parameters.',Functional,Functional,Functional,Functional,Functional,Functional
'The product shall be supported using the corporate support center.',Non-Functional,Functional,Non-Functional,Non-Functional,Non-Functional,Non-Functional
'The system shall filter data by: Venues and Key Events.',Functional,Functional,Functional,Functional,Functional,Functional
'Out of 1000 accesses to the system the system is available 999 times.',Non-Functional,Non-Functional,Non-Functional,Non-Functional,Non-Functional,Non-Functional
'Users shall be able to view at least 25 NFL player statistics and points on each page.',Functional,Functional,Functional,Functional,Functional,Functional
'Product formula substitutionary ingredients shall be entered automatically by the PFE subsystem.',Functional,Functional,Functional,Functional,Functional,Functional
'An anonymous survey will show that 95% of customers are comfortable using and purchasing pre-paid cards after a month of using the system.',Non-Functional,Non-Functional,Non-Functional,Non-Functional,Non-Functional,Non-Functional
'The realtor shall be able to retrieve a map showing property locations for a specified area',Functional,Functional,Functional,Functional,Functional,Functional
The system shall be responsive. At the DePaul TeleServices Center when a supervisor uses the system to view a callers schedule the system response time must be no more than 2 seconds 90% of the time and no more than 5 seconds the rest of the time.',Non-Functional,Non-Functional,Non-Functional,Non-Functional,Non-Functional,Non-Functional
'System shall let administrator de-activate a customer account in under 1 minute. Customer will no longer be able to access the website.',Functional,Functional,Functional,Functional,Non-Functional,Non-Functional
'The product must be able to interface with any HTML browser. The product shall transmit data between the user and the product without problems. The product shall display HTML properly in 80% of all HTML browsers tested (minimum is to test 8 browsers).',Non-Functional,Functional,Non-Functional,Non-Functional,Non-Functional,Non-Functional
'The product shall provide Dynamic Change Support and Transparent resource addition.The product shall support Transparent Resource addition and Dynamic Change support to provide scalability and avoid service interruptions of more than 1 day.',Functional,Non-Functional,Non-Functional,Non-Functional,Non-Functional,Non-Functional
'The product will be available for licensing as a one-server two-five servers or five-or-more servers license.',Non-Functional,Non-Functional,Non-Functional,Non-Functional,Non-Functional,Non-Functional
'The application shall run on a web application server.',Non-Functional,Functional,Non-Functional,Non-Functional,Non-Functional,Functional
'Program Administrators and Nursing Staff Members shall be able to add new classes for the nursing department into the system.',Functional,Functional,Functional,Functional,Functional,Functional
'The Disputes application shall support 350 concurrent users without any degradation of performance in the application.',Non-Functional,Non-Functional,Non-Functional,Non-Functional,Non-Functional,Non-Functional
'Only registered realtors shall be able to access the system.',Non-Functional,Functional,Non-Functional,Functional,Non-Functional,Functional
'The preferred repair facility ratings shall be saved within 5 seconds. The save shall occur within 5 seconds.',Functional,Non-Functional,Non-Functional,Non-Functional,Non-Functional,Non-Functional
'All of the users shall be able to use the system after one day of training.',Non-Functional,Functional,Functional,Functional,Non-Functional,Functional
'The washing process must use a non binding neutral data format such as xml when receiving and processing lead data.',Non-Functional,Functional,Non-Functional,Functional,Non-Functional,Non-Functional
'When the hit results in sinking a ship the product shall mark the ship as sunk on the defensive grid of the defensive player.',Functional,Functional,Functional,Functional,Functional,Functional
'The system shall only be accessed by authorized Corporate Community Grants (CCR) employees. Users must be authenticated using their IBM intranet user name and password.',Non-Functional,Functional,Non-Functional,Non-Functional,Non-Functional,Non-Functional
'All updates to data files or database must be initiated from the Disputes System.',Non-Functional,Functional,Functional,Functional,Non-Functional,Functional
'The product will display an available status for unreserved conference rooms.',Functional,Functional,Functional,Functional,Functional,Functional
'The product shall be easy for a realtor to learn.',Non-Functional,Functional,Non-Functional,Non-Functional,Non-Functional,Non-Functional
'Velkat staff will be available for phone support between 7am-7pm M-F to provide technical support to the Izogn administrators.',Non-Functional,Non-Functional,Non-Functional,Non-Functional,Non-Functional,Non-Functional
'The user shall be able to get driving directions to a selected property',Functional,Functional,Functional,Functional,Functional,Functional
'The product must be able to interface with various email servers. The product shall be able to send email.',Non-Functional,Functional,Functional,Functional,Functional,Non-Functional
'The system shall be able to display a printable summary for individual clinical labs which will include (but not be limited to) class name class number lab section listing of students enrolled instructor day(s) time and location.',Functional,Functional,Functional,Functional,Functional,Functional
'The product shall comply with corporate color scheme',Non-Functional,Non-Functional,Non-Functional,Non-Functional,Non-Functional,Non-Functional
'Website shall allow the Izogn administrator to approve a review posted by a customer.',Functional,Functional,Functional,Functional,Functional,Functional
'A clinical class shall specify the course name lecture room requirements clinical site needs lecture instructor needs and clinical lab instructor needs.',Non-Functional,Functional,Functional,Functional,Functional,Functional
'The system shall allow a Program Administrator or Nursing staff member to remove a student from a clinical lab section.',Functional,Functional,Functional,Functional,Functional,Functional
'The product shall use a standard navigation menu familiar to most web users.',Non-Functional,Functional,Non-Functional,Functional,Non-Functional,Functional
'The product shall be able to handle up to 1500 simultaneous users. The system shall perform with 1500 users as a time.',Non-Functional,Non-Functional,Non-Functional,Non-Functional,Non-Functional,Non-Functional
'For each shot the product shall mark the shot as a hit or miss on the defensive grid of the defensive player.',Functional,Functional,Functional,Functional,Functional,Functional
'The product shall protect the identity of the players. The product shall provide players no access to information that might reveal the identity of another player.',Non-Functional,Functional,Non-Functional,Functional,Non-Functional,Non-Functional
'The average number of recycled parts records per day shall be 50 000.',Non-Functional,Functional,Functional,Non-Functional,Non-Functional,Non-Functional
'The product will be able to delete conference rooms.',Functional,Functional,Functional,Functional,Functional,Functional
'The product shall be expected to operate for at least 5 years for each customer installation.',Non-Functional,Non-Functional,Non-Functional,Non-Functional,Non-Functional,Non-Functional
'The Disputes application must maintain a detailed history of every action that a user takes on a dispute case. This ensures a complete audit trail if questions arise later on with regard to a particular dispute case.',Functional,Functional,Functional,Functional,Functional,Functional
'The WCS system shall be run in a Windows environment. The WCS shall be accessed by users through the Internet on an IBM computer running a Windows 2000 or above operating system.',Non-Functional,Functional,Non-Functional,Non-Functional,Non-Functional,Non-Functional
'The realtor shall be notified of new client appointments after automatic synchronization with office system',Functional,Functional,Functional,Functional,Functional,Functional
'100% of the cardmember and merchant services representatives shall use the Disputes application regularly after a 2-day training course.',Non-Functional,Functional,Non-Functional,Non-Functional,Non-Functional,Non-Functional
'The System shall generate Inventory Quantity Adjustment document automatically when daily Product Sales data is available.',Functional,Functional,Functional,Functional,Functional,Functional
'The search for recycled parts shall take no longer than 15 seconds. The search results shall be returned in under 15 seconds.',Non-Functional,Non-Functional,Non-Functional,Non-Functional,Non-Functional,Non-Functional
'The product will notify employees of meeting invitations.',Functional,Functional,Functional,Functional,Functional,Functional
'The product shall be used in office environments.',Non-Functional,Non-Functional,Non-Functional,Non-Functional,Non-Functional,Non-Functional
'The system shall locate the preferred repair facility with the highest ratings for the input criteria',Functional,Functional,Functional,Functional,Functional,Functional
'Application updates shall occur between 3AM and 6 AM CST on Wednesday morning during the middle of the NFL season.',Non-Functional,Non-Functional,Non-Functional,Non-Functional,Non-Functional,Non-Functional
'100% of merchant services representatives shall be able to successfully perform a follow up action on a dispute case on the first encounter after completing the training course.',Non-Functional,Functional,Functional,Functional,Functional,Functional
'A list of all disputes cases that meet the entered search criteria must be provided to the user. The list of cases must differentiate the type and/or status of the case by color -coding the line item in the list. For example all open cases will be yellow and all closed cases will be gray.',Functional,Functional,Functional,Functional,Functional,Functional
'If the shot was marked as a miss the product shall change the status of the offensive player to defensive',Functional,Functional,Functional,Functional,Functional,Functional
'The system shall have a MDI form that allows for the viewing of the graph and the data table.',Functional,Functional,Functional,Functional,Functional,Functional
'The system shall search for available recycled parts for the supplied vehicle parts and suppliers.',Functional,Functional,Functional,Functional,Functional,Functional
'PME Subsystem shall allow keeping submenus within menus and products within submenus in a managed and persisted order.',Non-Functional,Functional,Functional,Functional,Functional,Functional
'The System shall maintain consistent security. Any changes in user passwords and/or permissions should take affect in all parts of the System.',Non-Functional,Functional,Non-Functional,Functional,Non-Functional,Non-Functional
'The preferred repair facility shall be returned to the user.',Functional,Functional,Functional,Functional,Functional,Functional
'PME Subsystem shall allow for a product to exist in more than one submenu',Functional,Functional,Functional,Functional,Functional,Functional
'The system shall be able to display a printable summary for individual cohorts which will include the students enlisted the Program of study sequence of classes cohort progress through the program and timeline of completion.',Functional,Functional,Functional,Functional,Functional,Functional
'The product interface should be fast. The response time of the product interface should not exceed 2 seconds 90% of the time. For 10% of the time the response time should not be more than 10 seconds.not be more than 10 seconds.',Non-Functional,Non-Functional,Non-Functional,Non-Functional,Non-Functional,Non-Functional
'The system shall have basic data integrity checking to reduce the possibility of incorrect or invalid data being introduced.',Functional,Functional,Non-Functional,Functional,Non-Functional,Functional
'The system will display a blank set of ratings if there are not ratings yet defined.',Functional,Functional,Functional,Functional,Functional,Functional
'The product must support Internet Explorer 5.5 and above.',Non-Functional,Functional,Non-Functional,Non-Functional,Non-Functional,Non-Functional
'The product shall provide Portals.The product shall help System Administrators to analyze the transactions with ad-hoc reporting and KPIs (Key Performance Indicators)',Functional,Functional,Functional,Functional,Functional,Functional
'Once a game is initiated the product shall allow each player to position their 5 ships on their respective defensive grids.',Functional,Functional,Functional,Functional,Functional,Functional
'An anonymous survey will show that 70% of customers are comfortable purchasing streaming movies after 2 weeks using the website.',Non-Functional,Non-Functional,Non-Functional,Non-Functional,Non-Functional,Non-Functional
'The product will allow priviledged users to view meeting schedules in multiple reporting views.',Functional,Functional,Functional,Functional,Functional,Functional
'Clinical site information shall include (but not be limited to) the name of the site contact person and contact information.',Non-Functional,Functional,Functional,Functional,Functional,Functional
'System shall let administrator add/remove movies on the website in under 5 minutes. Entered movie information will be stored in the database and will now be available on the website.',Functional,Functional,Functional,Functional,Non-Functional,Non-Functional
'The system shall able to operate within a business office environment typical of the Nursing Department at DePaul University.',Non-Functional,Non-Functional,Non-Functional,Non-Functional,Non-Functional,Non-Functional
'For each class within a sequence for a cohort Program Administrators and Nursing Staff Members shall be able to specify which quarter that class will be offered.',Functional,Functional,Functional,Functional,Functional,Functional
'The product shall have a consistent color scheme and fonts.',Non-Functional,Non-Functional,Non-Functional,Non-Functional,Non-Functional,Non-Functional
'The leads washing functionality will have an interface in which lead data parameters can be maintained.',Functional,Functional,Functional,Functional,Functional,Functional
'The leads washing functionality will store any potential lead duplicates returned by the enterprise system.',Functional,Functional,Functional,Functional,Functional,Functional
'For each class within a sequence for a cohort Program Administrators and Nursing Staff Members shall be able to specify which quarter that class will be offered.',Functional,Functional,Functional,Functional,Functional,Functional
'The Disputes System shall allow the user to create or initiate a chargeback request. The system must prompt the user to enter the required information to initiate a chargeback request. The chargeback request results in a printed chargeback notification that is sent to merchant indicating that their account will be charged back if no proof is provided that the disputed transaction is valid.',Functional,Functional,Functional,Functional,Functional,Functional
'The website shall not be offensive to religious or ethnic groups.',Non-Functional,Non-Functional,Non-Functional,Non-Functional,Non-Functional,Non-Functional
'The product shall have a conservative and professional appearance.',Non-Functional,Non-Functional,Non-Functional,Non-Functional,Non-Functional,Non-Functional
'The process must fit within the processing time conditions set forth by the Auto Rep Assignment process in which a lead is assigned within 3 minutes of the total life cycle.',Non-Functional,Functional,Non-Functional,Non-Functional,Non-Functional,Non-Functional
'The product shall be able to delete room equipment.',Functional,Functional,Functional,Functional,Functional,Functional
'The application shall ask the user to confirm dropping a player or trading a player before performing the action.',Functional,Functional,Functional,Functional,Functional,Functional
'The estimator shall apply selected recycled parts to the collision estimate.',Functional,Functional,Functional,Functional,Functional,Functional
'The system shall display the Events in a graph by time.',Functional,Functional,Functional,Functional,Functional,Functional
'The leads washing functionality will insert all leads captured by the web service.',Functional,Functional,Functional,Functional,Functional,Functional
'The product shall be able support 1000 simultaneous users.',Non-Functional,Non-Functional,Non-Functional,Non-Functional,Non-Functional,Non-Functional
'The system shall interface with CampusConnect’s central server',Non-Functional,Functional,Functional,Non-Functional,Non-Functional,Non-Functional
'Customer shall be able to check the status of their prepaid card by entering in the PIN number in under 5 seconds.',Functional,Functional,Functional,Functional,Functional,Functional
'The Disputes System must prevent external users from requesting original receipts. Requests for original receipts are restricted to internal users.',Functional,Functional,Non-Functional,Functional,Non-Functional,Non-Functional
'Vendor will submit a credit validation record to be applied to the enterprise billing system.',Functional,Functional,Functional,Functional,Functional,Functional
'Total lead cycle time must be completed in 5 minutes for 90% of lead volume between the business hours of 8AM CST to 8PM CST; then 3 minutes for 99% of lead volume during off business hours.',Non-Functional,Non-Functional,Non-Functional,Non-Functional,Non-Functional,Non-Functional
'Only managers are able to perform search queries for reservations by user. 100% of all search queries for reservations by user shall be from logons of only management logons.',Functional,Functional,Non-Functional,Functional,Non-Functional,Non-Functional
'The system will provide a 24 hour 800 toll free number for support to its customers.',Non-Functional,Functional,Non-Functional,Non-Functional,Non-Functional,Non-Functional
'The System shall allow entering storing and modifying product formulas.',Functional,Functional,Functional,Functional,Functional,Functional
'The Disputes application shall interface with the Cardmember Information Database. The Cardmember Information Database provides detailed information with regard to a cardmember. All cardmember detail information must be obtained from the Cardmember Information Database.',Non-Functional,Functional,Functional,Non-Functional,Non-Functional,Non-Functional
'The vehicle data shall include vehicle year make and model',Non-Functional,Functional,Functional,Functional,Functional,Functional
'The system shall help the user avoid making mistakes while scheduling classes and clinicals for the nursing students.',Non-Functional,Functional,Functional,Functional,Functional,Functional
'Dr Susan Poslusny and Dr Julie Donalek are the only people who shall have access to students’ personal information.',Non-Functional,Non-Functional,Non-Functional,Non-Functional,Non-Functional,Non-Functional
'The look and feel of the system shall conform to the user interface standards of the smart device.',Non-Functional,Functional,Non-Functional,Non-Functional,Non-Functional,Non-Functional
The product shall ensure that only supervisors can enter a caller’s schedule.The product must ensure that supervisors are allowed to access advertise empty time slots.',Functional,Functional,Functional,Functional,Functional,Functional
'The Disputes application shall interface with the Cardmember Posting and Billing System. This will allow the Disputes application to request adjustments to cardmember and merchant’s accounts. All adjustment requests must be sent to the Cardmember Posting and Billing System.',Non-Functional,Functional,Functional,Non-Functional,Non-Functional,Non-Functional
'The recycled parts search results provided to the estimator shall be retrieved by the system.',Functional,Functional,Functional,Functional,Functional,Functional
'The system shall be built such that it is as secure as possible from malicious interference.',Non-Functional,Non-Functional,Non-Functional,Non-Functional,Non-Functional,Non-Functional
'The streaming server will support 50 simultaneous streaming connections.',Non-Functional,Non-Functional,Non-Functional,Non-Functional,Non-Functional,Functional
'The system shall be used within the specifications defined by the computers used by the Program Administrators/Nursing Staff Members.',Non-Functional,Functional,Non-Functional,Non-Functional,Non-Functional,Non-Functional
'The product shall ensure that the database’s data corresponds to the data entered by the user. Each conference room reservation in the system will contain the same information as was entered by the user.',Non-Functional,Functional,Functional,Functional,Functional,Functional
'The product shall record different meeting types.',Functional,Functional,Functional,Functional,Functional,Functional
'The product must be able to interface with various database management systems. The product shall communicate successfully with the database management system on 100% of all transactions.',Non-Functional,Functional,Functional,Non-Functional,Non-Functional,Non-Functional
'The product shall operate with every platform.The product shall accommodate any new technology without any change in its architecture.',Non-Functional,Functional,Non-Functional,Non-Functional,Non-Functional,Non-Functional
The product shall ensure that only supervisors can view schedule of all callers.The product must ensure that supervisors are allowed to access advertise empty time slots.',Functional,Functional,Non-Functional,Functional,Functional,Non-Functional
'The top 1/4 of the table will hold events that are to occur sequentially.',Functional,Functional,Functional,Functional,Functional,Functional
'The application shall be able to complete every user transaction within one fourth of a second of receiving the request over the network.',Non-Functional,Functional,Non-Functional,Non-Functional,Non-Functional,Non-Functional
'The search for the preferred repair facility shall take no longer than 8 seconds. The preferred repair facility is returned within 8 seconds',Non-Functional,Non-Functional,Non-Functional,Non-Functional,Non-Functional,Non-Functional
The product shall ensure that only supervisors can advertise empty time slots.The product must ensure that supervisors are allowed to access advertise empty time slots.',Functional,Functional,Functional,Functional,Functional,Functional
'When streaming a movie the buffering time should take no longer than 10 seconds (plus any latency on the user’s connection.)',Non-Functional,Functional,Non-Functional,Non-Functional,Non-Functional,Non-Functional
'All business rules specified in the Disputes System shall be in compliance to the guidelines of Regulation E and Regulation Z.',Non-Functional,Functional,Non-Functional,Non-Functional,Non-Functional,Non-Functional
'The product shall be able to display calendar dates and times according to the user’s locale. 90% of survey respondents from each target market country will find that the date and time formatting of the product is correct.',Functional,Functional,Non-Functional,Non-Functional,Non-Functional,Non-Functional
'Program Administrators and Nursing Staff Members shall be able to specify the preferred sequence of classes for a given cohort.',Functional,Functional,Functional,Functional,Functional,Functional
'The audit report shall include the total number of recycled parts used in the estimate.',Functional,Functional,Functional,Functional,Functional,Functional
'The product shall be capable of handling up to 1 000 concurrent requests. This number will increase to 2 000 by Release 2. The concurrency capacity must be able to handle peak scheduling times such as early morning and late afternoon hours.',Non-Functional,Non-Functional,Non-Functional,Non-Functional,Non-Functional,Non-Functional
'The product’s Look and Feel shall be able to incorporate aspects of the customer’s organization such as logo branding and identity',Non-Functional,Functional,Non-Functional,Non-Functional,Non-Functional,Non-Functional
'The product shall comply with the estimatics laws relating to recycled parts usage.',Non-Functional,Non-Functional,Non-Functional,Non-Functional,Non-Functional,Non-Functional
'All aspects of the website shall be accessed by a web browser over the Internet.',Non-Functional,Functional,Non-Functional,Functional,Non-Functional,Functional
'The system shall be able to call the seller or buyer to schedule an appointment',Functional,Functional,Functional,Functional,Functional,Functional
'For estimators the product shall be able to be operated in a repair facility during dirty and noisy conditions.',Non-Functional,Functional,Non-Functional,Functional,Non-Functional,Non-Functional
'The product shall be able to handle 10 000 concurrent users within 2 years of the initial launch.',Non-Functional,Non-Functional,Non-Functional,Non-Functional,Non-Functional,Non-Functional
'Data integrity scripts will be run on a weekly basis to verify the integrity of the database.',Non-Functional,Functional,Functional,Non-Functional,Non-Functional,Non-Functional
'The product shall have the ability to receive automatic software updates as new threats emerge. 100% of customers will be able to receive automatic software updates transmitted to the installed product.',Non-Functional,Functional,Non-Functional,Functional,Non-Functional,Non-Functional
'Program Administrators and Nursing Staff Members shall be able to add new classes to a sequence of classes',Functional,Functional,Functional,Functional,Functional,Functional
'The leads washing functionality will compile both contact and academic scoring information for a total score.',Functional,Functional,Functional,Functional,Functional,Functional
'Program Administrators/Nursing Staff Members shall have the ability to modify information relating to a Clinical Site including the clinical site name site contact person contact information and address.',Functional,Functional,Functional,Functional,Functional,Functional
'The search radius shall be between 1 and 30 miles',Non-Functional,Functional,Functional,Non-Functional,Non-Functional,Non-Functional
'The Disputes System must provide a confirmation to the user upon the creation of ticket retrieval request that contains the following information; the dispute case number the type of retrieval requested (copy original or portfolio) and the date that the merchant response is due.',Functional,Functional,Functional,Functional,Functional,Functional
'The product shall allow the user to save the property search results.',Functional,Functional,Functional,Functional,Functional,Functional
'The system shall be displayable on any work computer a CCR user may have. The system interface shall be formatted to display at 800 by 600 pixel resolution.',Non-Functional,Functional,Non-Functional,Non-Functional,Non-Functional,Non-Functional
'The appearance of the product shall appear professional',Non-Functional,Non-Functional,Non-Functional,Non-Functional,Non-Functional,Non-Functional
'The System shall generate Inventory Quantity Adjustment document based on product daily sales data and product formulas.',Functional,Functional,Functional,Functional,Functional,Functional
'The WCS system must run queries to the WCS databases once again (on a specified day) to update the available data available to CCR users. Queries must be made to external databases for data refresh once a week.',Functional,Functional,Functional,Non-Functional,Non-Functional,Non-Functional
'The Disputes application shall be available 24x7x365 with the exception of the following scheduled maintenance windows. Monday – Saturday 3:00am to 4:00am EST Sunday 1:00amd to 5:00am EST',Non-Functional,Non-Functional,Non-Functional,Non-Functional,Non-Functional,Non-Functional
'The leads washing functionality will validate all leads received by the web service for valid data',Functional,Functional,Functional,Functional,Functional,Functional
'The system must use a point and click interface. 100% of all selection and navigation functionality must be able to be activated/selected by either a mouse or a keyboard',Non-Functional,Functional,Non-Functional,Functional,Non-Functional,Non-Functional
'The Disputes System must provide different levels of access with regard to disputes case initiation and follow-up actions.',Non-Functional,Functional,Functional,Functional,Functional,Functional
'The website shall be available for use 24 hours per day 365 days per year.',Non-Functional,Non-Functional,Non-Functional,Non-Functional,Non-Functional,Non-Functional
'The product shall display a map of the company building showing conference room locations.',Functional,Functional,Functional,Functional,Functional,Functional
'The data displayed in both the nodes within the graph and the rows in the table are MSEL Summary data',Non-Functional,Functional,Functional,Functional,Functional,Functional
'PME Subsystem shall allow building product menus based on the list of products kept in the accounting system.',Functional,Functional,Functional,Functional,Functional,Functional
'Program Administrators/Nursing Staff Members shall be able to cancel a clinical lab section only if there are no students registered for that clinical lab section.',Functional,Functional,Functional,Functional,Functional,Functional
'The system shall return a list of repair facilities within the radius if the preferred repair facility cannot be determined.',Functional,Functional,Functional,Functional,Functional,Functional
'The WCS system shall use appropriate nomenclature and terminology as defined by the Corporate Community Grants organization. All interfaces and reports will undergo usability tests by CCR users.',Non-Functional,Non-Functional,Non-Functional,Non-Functional,Non-Functional,Non-Functional
'The product shall adhere to the corporate Architecture guidelines',Non-Functional,Non-Functional,Non-Functional,Non-Functional,Non-Functional,Non-Functional
'The product shall have security.The product shall provide authentication and authorization.',Non-Functional,Non-Functional,Non-Functional,Functional,Non-Functional,Non-Functional
'The product shall be robust with fault tolerance.The product shall have fault tolerance by using recovery technique compensatory transaction and routing around failures.',Non-Functional,Non-Functional,Non-Functional,Non-Functional,Non-Functional,Non-Functional
'The Disputes System must allow the user to create three unique types of ticket retrieval requests. The three types of ticket retrieval requests are (1) Request for original receipt (2) Request for a copy of the receipt or (3) Request for a portfolio. A portfolio consists of documentation that would provide proof of a purchase such as the documentation that is received from a car rental agency that is more than a sales receipt.',Functional,Functional,Functional,Functional,Functional,Functional
'The estimator shall search for available recycled parts using a list of preferred parts suppliers.',Functional,Functional,Functional,Functional,Functional,Functional
'The product shall be able to store new room equipment.',Functional,Functional,Functional,Functional,Functional,Functional
'The response time shall be fast enough to maintain the flow of the game. The response time shall be no more than 2 seconds for 95% of responses and no more than 4% for the remaining responses.',Non-Functional,Non-Functional,Non-Functional,Non-Functional,Non-Functional,Non-Functional
'The product shall be available to players who understand English Spanish and French. The product shall allow the user to select the language upon accessing the product.',Functional,Non-Functional,Non-Functional,Functional,Non-Functional,Non-Functional
'The website will provide a help section with answers and solutions to common problems.',Functional,Functional,Functional,Functional,Functional,Functional
The interface shall be appealing to callers and supervisors. In the interface and usability survey 80% of beta testers must report that the interface is appealing.',Non-Functional,Non-Functional,Non-Functional,Non-Functional,Non-Functional,Non-Functional
'The Disputes applications shall interface with the Merchant Information Database. The Merchant Information Database provides detailed information with regard to the merchant. All merchant detail information shall be obtained from the Merchant Information Database.',Non-Functional,Functional,Functional,Non-Functional,Non-Functional,Non-Functional
'A customer can only stream a movie if they purchased it and are within the 2 day viewing period.',Non-Functional,Functional,Functional,Functional,Functional,Functional
'The product shall allow a user to remove himself or herself from the list of players at any time.',Functional,Functional,Functional,Functional,Functional,Functional
'98% of the user workstations shall meet the minimum hardware requirements prior to implementation. Minimum Hard Disk Space: 400MB.',Non-Functional,Non-Functional,Non-Functional,Non-Functional,Non-Functional,Non-Functional
'The Disputes System shall provide view access capability for authorized users of the application.',Non-Functional,Functional,Functional,Functional,Functional,Functional
'The interface must summarize the data in a fashion that’s appealing to CCR management. Every report type must have at least one high level summary shown in the results dashboard/interface',Functional,Functional,Functional,Functional,Non-Functional,Non-Functional
'The maintenance of the product will fall within the established corporate maintenance windows.',Non-Functional,Non-Functional,Non-Functional,Non-Functional,Non-Functional,Non-Functional
'The System shall not require additional third party licenses resulting in royalty fees.',Non-Functional,Non-Functional,Non-Functional,Non-Functional,Non-Functional,Non-Functional
'The product shall provide Monitoring Services.The product shall be easy for System Administrators and DBAs to use after two weeks of usage.',Functional,Functional,Non-Functional,Non-Functional,Non-Functional,Non-Functional
'If a user account is revoked it can only be re-instantiated by the System Administrator.',Non-Functional,Functional,Non-Functional,Functional,Functional,Functional
'The adjuster shall review the collision estimate.',Functional,Functional,Functional,Functional,Functional,Functional
'The product will update existing room equipment.',Functional,Functional,Functional,Functional,Functional,Functional
'For each turn the product shall identify one player as offensive status and one player as defensive status.',Functional,Functional,Functional,Functional,Functional,Functional
'The estimator shall search by zipcode with a radius of 30 miles if no parts are found for the preferred parts suppliers',Functional,Functional,Functional,Functional,Functional,Functional
'The system shall offer the ability to pause and resume the refresh of data.',Functional,Functional,Functional,Functional,Functional,Functional
The system shall be easy to learn by callers and supervisors. Callers and supervisors shall learn how to use the system within 10 minutes.',Non-Functional,Functional,Non-Functional,Non-Functional,Non-Functional,Non-Functional
'The website will comply with W3C standards.',Non-Functional,Non-Functional,Non-Functional,Non-Functional,Non-Functional,Non-Functional
'The system shall be used by realtors with no training.',Non-Functional,Non-Functional,Non-Functional,Non-Functional,Non-Functional,Non-Functional
'A new user shall be able to navigate through the league and team pages within 30 seconds of reaching the start-up page.',Non-Functional,Functional,Functional,Functional,Non-Functional,Non-Functional
'For each shot the product shall mark the shot as a hit or miss on the offensive grid of the offensive player.',Functional,Functional,Functional,Functional,Functional,Functional
'The product shall maintain the status of each player for a turn either offensive or defensive.',Functional,Functional,Functional,Functional,Functional,Functional
'For each turn the product shall allow the offensive player to define a shot.',Functional,Functional,Functional,Functional,Functional,Functional
'A non-clinical class shall specify the course name lecture room requirements and instructor needs.',Non-Functional,Non-Functional,Non-Functional,Functional,Non-Functional,Non-Functional
'Staff members shall be able to complete a set of tasks in a timely manner.',Non-Functional,Functional,Functional,Functional,Non-Functional,Non-Functional
'The product must work with most database management systems (DBMS) on the market whether the DBMS is colocated with the product on the same machine or is located on a different machine on the computer network.',Non-Functional,Functional,Non-Functional,Non-Functional,Non-Functional,Non-Functional
'The streaming server will support a maximum of 700 movies; new servers can be added to support more movies.',Non-Functional,Non-Functional,Non-Functional,Functional,Non-Functional,Non-Functional
'The product must be developed with the J2SE/J2EE programming language libraries',Non-Functional,Functional,Non-Functional,Non-Functional,Non-Functional,Non-Functional
On a 56k connection the system response time for all operations must be no more than 6 seconds 90% of the time.',Non-Functional,Non-Functional,Non-Functional,Non-Functional,Non-Functional,Non-Functional
'Changes to revenue and expense formulae must be applied to the RFS system every year prior to the budgeting process start. Revenue and expense formulae will be updated within one week of their receipt after which 2 weeks will be allotted to testing of the budget calculations to be conducted jointly by the project development team and PCG Finance.',Non-Functional,Non-Functional,Non-Functional,Non-Functional,Non-Functional,Non-Functional
'The product shall ensure that only company employees or external users with company-approved user IDs may have product access. 100% of all logons shall be by either company employees or external users with company-approved user IDs.',Non-Functional,Functional,Non-Functional,Functional,Non-Functional,Non-Functional
'Product formula ingredients shall allow defining substitutionary ingredients.',Functional,Functional,Functional,Functional,Functional,Functional
'The Disputes System shall prevent the creation of duplicate dispute requests 100% of the time.',Functional,Functional,Functional,Functional,Non-Functional,Non-Functional
'The website will use standard Internet conventions when interacting with the user.',Non-Functional,Functional,Non-Functional,Functional,Non-Functional,Non-Functional
'Maintenance releases will be offered to customers once a year. The releases shall take no longer than 5 minutes for 80% of the customer base to install.',Non-Functional,Non-Functional,Non-Functional,Non-Functional,Non-Functional,Non-Functional
'The product shall maintain a list of players.',Functional,Functional,Functional,Functional,Functional,Functional
'Users should only have to navigate through a maximum of 4 pages to create an account with the website.',Non-Functional,Functional,Non-Functional,Functional,Non-Functional,Non-Functional
'Website shall allow customers to browse movies by categories entered in by izogn administrator.',Functional,Functional,Functional,Functional,Functional,Functional
'The system will notify affected parties for routine communication purposes including but not limited to informing students of upcoming offered classes (timeline) and what their schedule will be/shall be.',Functional,Functional,Functional,Functional,Functional,Functional
'If the leads score falls within the high average score then it will be process by the ARA functionality.',Functional,Functional,Functional,Functional,Functional,Functional
'The current repair facility ratings shall be displayed to the user.',Functional,Functional,Functional,Functional,Functional,Functional
'Website shall allow customers to view reviews of selected movies by other customers.',Functional,Functional,Functional,Functional,Functional,Functional
'Website shall allow customers to purchase pre-paid cards of $5 $10 or $20 value either by credit card or mail-in payment option.',Functional,Functional,Functional,Functional,Functional,Functional
'The leads washing functionality will use the parameters supplied by corporate and schools to score part of the lead.',Functional,Functional,Functional,Functional,Functional,Functional
'The product shall record meeting entries.',Functional,Functional,Functional,Functional,Functional,Functional
'The product shall be available 24 hours per day seven days per week.',Non-Functional,Non-Functional,Non-Functional,Non-Functional,Non-Functional,Non-Functional
'The product shall allow the player to position ships vertically on their grid.',Functional,Functional,Functional,Functional,Functional,Functional
'The user interface shall have standard menus buttons for navigation',Non-Functional,Functional,Functional,Functional,Functional,Functional
'All streaming movie sales will be logged in the database and accessible by the administrator.',Functional,Functional,Functional,Functional,Functional,Functional
'The Disputes application shall interface with the Letters application. This will allow the Disputes application to request letters as part of the dispute initiation and dispute follow up process. All letter requests must be sent to the Print Letter Utility application.',Non-Functional,Functional,Functional,Non-Functional,Non-Functional,Non-Functional
'The WCS system shall be available at all times as long as IBM’s internal intranet W3 is accessible. The WCS system will be available 95% of the time IBM’s internal intranet W3 is available.',Non-Functional,Non-Functional,Non-Functional,Non-Functional,Non-Functional,Non-Functional
The system must be available for use between 7:00AM and 11:59PM all days of the year.',Non-Functional,Functional,Non-Functional,Non-Functional,Non-Functional,Non-Functional
'The product shall be able to process all transactions.The product shall process minimum of 1 million transactions per year.',Non-Functional,Non-Functional,Non-Functional,Non-Functional,Non-Functional,Non-Functional
'A new user must be able to be added to the system within 10 minutes. 90% of new users are able to log into the system within 10 minutes.',Non-Functional,Non-Functional,Non-Functional,Non-Functional,Non-Functional,Non-Functional
'Recreation of Inventory Quantity Adjustment for the period of previous 30 days shall take no more than 30min.',Functional,Functional,Non-Functional,Non-Functional,Non-Functional,Non-Functional
'The product shall provide Asynchronous Messaging.The product shall provide asynchronous messaging to enable parallel processing and reduce the overhead in communications',Functional,Functional,Functional,Non-Functional,Non-Functional,Non-Functional
'The owner shall have free access to all of the streaming movies.',Non-Functional,Functional,Functional,Functional,Functional,Functional
'The product must make use of web/application server technology. Open source examples include Apache web server Tomcat and the JBoss application server.',Non-Functional,Functional,Non-Functional,Non-Functional,Non-Functional,Non-Functional
'While streaming a movie buffering should only occur if there is latency in the user’s connection.',Non-Functional,Functional,Non-Functional,Non-Functional,Non-Functional,Non-Functional
'System will allow customers to pay for a streaming movie with a pre-paid card.',Functional,Functional,Functional,Functional,Functional,Functional
'The product is expected to run on Windows CE and Palm operating systems.',Non-Functional,Non-Functional,Non-Functional,Non-Functional,Non-Functional,Non-Functional
'The website should cater to all tribes in Nigeria.',Non-Functional,Non-Functional,Non-Functional,Non-Functional,Non-Functional,Non-Functional
'A cohort shall be associated to one Program of Study offered by the department.',Functional,Functional,Functional,Functional,Functional,Functional
'The system shall be able to display a printable summary of the system log.',Functional,Functional,Functional,Functional,Functional,Functional
'The product shall be easy to use. 90% of users will be able to successfully reserve a conference room within 5 minutes of product use.',Non-Functional,Functional,Non-Functional,Non-Functional,Non-Functional,Non-Functional
'All additions of new users and modifications to user’s access shall be recorded on the User Report.',Functional,Functional,Functional,Functional,Functional,Functional
'The Disputes System must be accessible by both internal and external users.',Non-Functional,Functional,Non-Functional,Functional,Non-Functional,Non-Functional
'The product must be highly configurable for use with various database management systems for the end users. 80% of end users are able to integrate new database management systems with the product without changing the product’s software code.',Non-Functional,Functional,Non-Functional,Non-Functional,Non-Functional,Non-Functional
'The system shall be easy to use by the Program Administrators/Nursing Staff Members.',Non-Functional,Functional,Non-Functional,Non-Functional,Non-Functional,Non-Functional
'System shall automatically update the main page of the website every Friday and show the 4 latest movies that have been added to the website.',Functional,Functional,Functional,Functional,Functional,Functional
'The website shall be capable of supporting 100 000 customers.',Non-Functional,Non-Functional,Non-Functional,Non-Functional,Non-Functional,Non-Functional
'The product shall retain the customer’s buying preferences and information.',Functional,Functional,Functional,Functional,Functional,Functional
'Only registered customers can purchase streaming movies.',Functional,Functional,Functional,Functional,Functional,Functional
'The product shall run on the existing hardware for all environments.',Non-Functional,Functional,Non-Functional,Functional,Non-Functional,Non-Functional
'The product shall comply with City of Chicago Application Development Guide Framework.Application Development Framework will provide structured Graphical User Interface.',Non-Functional,Non-Functional,Non-Functional,Non-Functional,Non-Functional,Non-Functional
'The product shall record the transportation status of equipment reserved.',Functional,Functional,Functional,Functional,Functional,Functional
'The system shall have a professional appearance',Non-Functional,Non-Functional,Non-Functional,Non-Functional,Non-Functional,Non-Functional
'IzognMovies shall meet the licensing requirements set forth by the appropriate organizations in order to stream African movies.',Non-Functional,Functional,Non-Functional,Functional,Non-Functional,Non-Functional
'The product shall comply with insurance regulations regarding claims processing.',Non-Functional,Functional,Non-Functional,Non-Functional,Non-Functional,Non-Functional
'Program Administrators/Nursing Staff Members are the only people who shall have access to clinical site details.',Non-Functional,Functional,Non-Functional,Non-Functional,Non-Functional,Non-Functional
The system shall have high availability every day of the year.The system must be available for use between 12:00AM and 6:00PM all days of the year.',Non-Functional,Non-Functional,Non-Functional,Non-Functional,Non-Functional,Non-Functional
'The adjuster shall request a recycled parts audit of the collision estimate.',Functional,Functional,Functional,Functional,Functional,Functional
'The audit report shall include the number of available recycled parts from the original search results.',Functional,Functional,Functional,Functional,Functional,Functional
'The Dispute System shall provide the users with the ability to follow up on a dispute case via follow-up actions. The list of available follow up actions for a given dispute case must be filtered by the status of the case and the access level of the user.',Functional,Functional,Functional,Functional,Functional,Functional
'Only authorized users shall have access to the portion of the system that interfaces with CampusConnect.',Non-Functional,Functional,Non-Functional,Non-Functional,Non-Functional,Non-Functional
'Program Administrators/Nursing Staff Members shall have the ability to modify information relating to a Program of Study within the Nursing Department including the Program of study name and required classes for that Program of Study.',Functional,Functional,Functional,Functional,Functional,Functional
'When the offensive player takes a shot the product shall simulate the sound of a ship at sea.',Functional,Functional,Functional,Functional,Functional,Functional
'98% of the user workstations shall meet the minimum software requirements prior to implementation: Microsoft Internet Explorer 5.0. Microsoft .NET Framework 1.1. Microsoft Internet Explorer Web Controls',Non-Functional,Non-Functional,Non-Functional,Non-Functional,Non-Functional,Non-Functional
'The system shall be able to display a printable summary for individual clinical sites which will include information on labs being held at that site for the given quarter (Clinical site general information on labs held at that location dates and times of all labs held there).',Functional,Functional,Functional,Functional,Functional,Functional
'The product shall allow a player to position ships horizontally on their grid.',Functional,Functional,Functional,Functional,Functional,Functional
'Website must be able to support free trial periods with various parameters set by the Izogn Manager.',Functional,Functional,Functional,Functional,Functional,Functional
'The intranet pages should display appropriately in all resolutions from 800x600 and higher. The display of all the pages will be correct in 95% of the resolutions prior to implementation. The remaining 5% will be corrected within a week of notification of the incorrect display.',Non-Functional,Non-Functional,Non-Functional,Non-Functional,Non-Functional,Non-Functional
'The product will record meeting acknowledgements.',Functional,Functional,Functional,Functional,Functional,Functional
'The product shall be able to send meeting notifications via different kinds of end-user specified methods.',Functional,Functional,Functional,Functional,Functional,Functional
'If the shot was marked as a miss the product shall change the status of the defensive player to offensive',Functional,Functional,Functional,Functional,Functional,Functional
'The vendor will verify the invalid lead.',Functional,Functional,Functional,Functional,Functional,Functional
'The WCS system shall have the ability to include data for regions outside the United States and be accessed by users outside of the United States if approved by CCR management.',Non-Functional,Functional,Non-Functional,Non-Functional,Non-Functional,Non-Functional
'Defect reports will be available to technical units on a 24x7 basis.',Non-Functional,Functional,Non-Functional,Non-Functional,Non-Functional,Non-Functional
'The system shall be expected to manage the nursing program curriculum and class/clinical scheduling for a minimum of 5 years.',Functional,Functional,Functional,Non-Functional,Non-Functional,Functional
'The system shall be intuitive to the Program Administrators/Nursing Staff Members.',Non-Functional,Functional,Non-Functional,Non-Functional,Non-Functional,Non-Functional
'The system shall display clear property images in the search results',Functional,Functional,Functional,Functional,Functional,Functional
'The System shall meet all applicable accounting standards. The final version of the System must successfully pass independent audit performed by a certified auditor.',Non-Functional,Non-Functional,Non-Functional,Non-Functional,Non-Functional,Non-Functional
'The application shall have a downtime of at most 10 minutes per year.',Non-Functional,Non-Functional,Non-Functional,Non-Functional,Non-Functional,Non-Functional
'Every registered user will have access to the product’s support site via the Internet. 70% of registered users shall find a solution to their problem within 5 minutes of using the support site.',Non-Functional,Non-Functional,Non-Functional,Non-Functional,Non-Functional,Non-Functional
'The product shall provide Multi-threading and Load Balancing.The product shall provide multi-threading technology as well as load balancing to overcome data load spikes and traffic.',Non-Functional,Functional,Non-Functional,Non-Functional,Non-Functional,Non-Functional
'The product shall use symbols and words that are naturally understandable by users familiar with websites',Non-Functional,Functional,Non-Functional,Functional,Non-Functional,Non-Functional
'The product shall be easy for customers with novice skills on the Internet to purchase and watch streaming movies. Customers should be able to purchase and watch a pre-determined movie in under 3 minutes.',Functional,Functional,Non-Functional,Functional,Non-Functional,Non-Functional
'The website design should be modern clean and concise.',Non-Functional,Non-Functional,Non-Functional,Non-Functional,Non-Functional,Non-Functional
'The product shall create an exception log of problems encountered within the product for transmission to our company for analysis and resolution.',Functional,Functional,Functional,Functional,Functional,Functional
'Classes for a given cohort shall not conflict with regards to the time and day that they are offered.',Functional,Functional,Non-Functional,Functional,Non-Functional,Non-Functional
'The available recycled parts information and their suppliers shall be returned to the user.',Functional,Functional,Functional,Functional,Functional,Functional
'The audit report shall include the percentage of available recycled parts used in the estimate ',Functional,Functional,Functional,Functional,Functional,Functional
'Every user of the system shall be authenticated and authorized.',Functional,Functional,Functional,Functional,Functional,Functional
'The system shall be able to display a printable summary for individual nursing students which will include (but not be limited to) student name student ID admission date classes credits GPA and the cohort that the student is enrolled in.',Functional,Functional,Functional,Functional,Functional,Functional
'Users shall feel satisfied using the product. 85% of all users will be satisfied with the product.',Non-Functional,Non-Functional,Non-Functional,Non-Functional,Non-Functional,Non-Functional
'The Disputes System shall generate a User Report that details any new users that have been added and any changes to an existing user’s access level. The report will be reviewed for auditing purposes.',Functional,Functional,Functional,Functional,Functional,Functional
'No lead evaluation will complete in a time period longer than 25 seconds for 97% of all leads processed.',Non-Functional,Functional,Non-Functional,Non-Functional,Non-Functional,Non-Functional
'Any interface between a user and the automated system shall have a maximum response time of 5 seconds unless noted by an exception below.',Non-Functional,Non-Functional,Non-Functional,Non-Functional,Non-Functional,Non-Functional
'Rreports must be easy to generate. eports must be generated within one button click and exported within one button click (after selecting the report)',Non-Functional,Functional,Non-Functional,Functional,Non-Functional,Non-Functional
'The Brio portion of the WCS system must be able to export files in spreadsheet form (Microsoft Excel and Lotus 1-2-3 formats). Brio will provide buttons in the user interface that produce/export reports in .xls or .123 file formats.',Functional,Functional,Functional,Functional,Functional,Functional
'Aside from server failure the software product shall achieve 99.99% up time.',Non-Functional,Non-Functional,Non-Functional,Non-Functional,Non-Functional,Non-Functional
'Website shall allow customers to add their own movie review for a selected movie.',Functional,Functional,Functional,Functional,Functional,Functional
'Once a game is initiated the product shall display a defensive grid to each player',Functional,Functional,Functional,Functional,Functional,Functional
'The website shall prevent its data from being corrupted when incorrect data is entered in.',Non-Functional,Functional,Non-Functional,Functional,Non-Functional,Functional
'The streaming server will have anti-virus software to prevent infection of malicious viruses.',Non-Functional,Non-Functional,Non-Functional,Functional,Non-Functional,Non-Functional
'Program Administrators and Nursing Staff Members shall be able to add a listing of students to a cohort.',Functional,Functional,Functional,Functional,Functional,Functional
'The product shall be capable of handling the existing 1000 users. This number is expected to grow 5 times within the next year.',Non-Functional,Non-Functional,Non-Functional,Non-Functional,Non-Functional,Non-Functional
'2 out of 3 Program Administrators/Nursing Staff Members shall successfully be able to use the system to manage the scheduling of classes and clinicals.',Functional,Non-Functional,Functional,Non-Functional,Non-Functional,Non-Functional
'The product shall be able to support multiple remote users',Functional,Functional,Functional,Functional,Non-Functional,Functional
'The system shall contain contact information (e-mail and phone number) for all people relevant to the system including (but not limited to) staff members students lecture instructors clinical lab instructors and clinical site administrators.',Functional,Functional,Functional,Functional,Functional,Functional
'viewing a movie details the website will display the movies description actor and director entered in by the administrator.',Functional,Functional,Functional,Functional,Functional,Functional
'The system shall generate an audit report based on the available recycled parts and the collision estimate.',Functional,Functional,Functional,Functional,Functional,Functional
'The product shall synchronize contacts and appointments in an acceptable time.',Functional,Functional,Functional,Non-Functional,Non-Functional,Non-Functional
'The RMS System shall have Windows XP look and feel and use GUI futures making its use intuitive.',Non-Functional,Functional,Non-Functional,Non-Functional,Non-Functional,Non-Functional
'Izogn Administrator must be able to update the category listings on the website within 2 minutes.',Functional,Functional,Functional,Functional,Non-Functional,Functional
'New branches/complexes/districts/regions and revenue/expense accounts added to the BDW must be reflected in the RFS system. 100% of the entities (mentioned above) available as of October month-end will be loaded into the RFS system prior to the budget start process.',Non-Functional,Functional,Functional,Non-Functional,Non-Functional,Functional
'The Disputes System must prevent users from accessing any dispute cases that do not belong to their cardholder base.',Non-Functional,Functional,Functional,Functional,Functional,Functional
'Fit Criterion: Dr Susan Poslusny and Karen Sysol are the only people who shall have access to the final class section scheduling for the system that interfaces with CampusConnect.',Non-Functional,Non-Functional,Non-Functional,Non-Functional,Non-Functional,Non-Functional
'One insurance company shall not be able to view another insurance companys claim data.',Non-Functional,Functional,Non-Functional,Non-Functional,Non-Functional,Non-Functional
'The display shall have two regions: left 2/3 of the display is graphical right 1/3 of the display is a data table',Non-Functional,Functional,Functional,Functional,Non-Functional,Functional
'90% of untrained realtors shall be able to install the product on their device without printed instructions',Non-Functional,Functional,Non-Functional,Non-Functional,Non-Functional,Non-Functional
'System shall let Izogn Manager access sales and usage statistics in under 2 minutes.',Non-Functional,Functional,Functional,Functional,Non-Functional,Functional
'The system shall offer a display of all the Events in the exercise.',Functional,Functional,Functional,Functional,Functional,Functional
'When the hit results in sinking a ship the product shall mark the ship as sunk on the offensive grid of the offensive player.',Functional,Functional,Functional,Functional,Functional,Functional
'The estimator shall not apply recycled parts to the collision estimate if no available parts are returned.',Functional,Functional,Functional,Functional,Functional,Functional
'The product shall allow a user to identify himself or herself as a player.',Functional,Functional,Functional,Functional,Functional,Functional
'All authorized users once authenticated must be able to logon to the Disputes System',Non-Functional,Functional,Functional,Functional,Functional,Functional
'A primary database will be used to store cached data for active users.',Non-Functional,Functional,Functional,Functional,Non-Functional,Functional
'The RFS system should be able to easily interface with the BDW environment in order to load the data. • 7 data files shall be received from the BDW and loaded into the RFS system within 3 hours one day prior to the start of budgeting process every year. The data will be as of October month-end. Test files (7) shall be loaded up to 5 times throughout the year from the BDW.',Non-Functional,Functional,Non-Functional,Non-Functional,Non-Functional,Non-Functional
'The website shall continue to operate if the payment gateway goes down.',Non-Functional,Functional,Non-Functional,Non-Functional,Non-Functional,Non-Functional
'The product will require collaboration with a database management system (DBMS). The DBMS may be located on the same machine as the product or on a separate machine residing on the same computer network.',Non-Functional,Functional,Non-Functional,Non-Functional,Non-Functional,Non-Functional
'New System version releases shall be released at the beginning of each NFL season.',Non-Functional,Functional,Non-Functional,Non-Functional,Non-Functional,Non-Functional
'The system shall use IBM and CCR branding standards. The interface must have one IBM logo and one CCR logo.',Non-Functional,Functional,Non-Functional,Non-Functional,Non-Functional,Non-Functional
'When both players have positioned their 5 ships on their defensive grids the product shall define the status of each player for the first turn.',Functional,Functional,Functional,Functional,Functional,Functional
'Program Administrators and Nursing Staff Members shall be able to add a student who has registered for a clinical class to a clinical lab section for that class.',Functional,Functional,Functional,Functional,Functional,Functional
'The product shall increase productivity of Collision Estimators. 80% of the Collision Estimators shall agree their productivity has increase within 1 month of using the product.',Non-Functional,Non-Functional,Non-Functional,Non-Functional,Non-Functional,Non-Functional
'For any systematic (non-user initiated) action that occurs on a case such as the disputes aging process a case activity will be generated. Upon the next logon the user that initiated the dispute case must be notified that a systematic action has occurred on the dispute case.',Functional,Functional,Non-Functional,Functional,Functional,Functional
'When a game is ended the product shall allow each player to remove himself or herself from the list of players.',Functional,Functional,Functional,Functional,Functional,Functional
'Users shall be able to reach the ‘add’ ‘drop’ and ‘trade player’ pages with one click from the team owner’s page.',Non-Functional,Functional,Functional,Functional,Functional,Functional
'Product shall allow entering storing and modifying product menus used by POS terminals.',Functional,Functional,Functional,Functional,Functional,Functional
'The system shall provide a history report of changes made to the Activity or Event data',Functional,Functional,Functional,Functional,Functional,Functional
'The product shall allow the user to view previously downloaded search results CMA reports and appointments.',Functional,Functional,Functional,Functional,Functional,Functional
'The search results shall be returned no later 30 seconds after the user has entered the search criteria',Functional,Non-Functional,Non-Functional,Non-Functional,Non-Functional,Non-Functional
'The PHP code will comply with PEAR standards.',Non-Functional,Non-Functional,Non-Functional,Non-Functional,Non-Functional,Non-Functional
'The product shall allow the player to position ships diagonally on their grid',Functional,Functional,Functional,Functional,Functional,Functional
'Program Administrators and Nursing Staff Members shall be able to add clinical classes or sections to a sequence of classes',Functional,Functional,Functional,Functional,Functional,Functional
'Product installations and upgrades shall be handled by the middleware technology team within established launch time frames.',Non-Functional,Functional,Non-Functional,Non-Functional,Non-Functional,Non-Functional
'All credit card information will be encrypted in the database.',Non-Functional,Functional,Non-Functional,Functional,Non-Functional,Functional
'Administrator shall be able to activate a pre-paid card via the Administration section in under 5 seconds.',Functional,Functional,Functional,Functional,Functional,Functional
'The product shall make inactive players unavailable for selection from the list of players.',Functional,Functional,Functional,Functional,Functional,Functional
'The customer shall be able to easily integrate new building maps with the product throughout the product’s lifecycle. Integration of new maps with the product shall be possible with little to no support from product support staff.',Non-Functional,Functional,Functional,Functional,Non-Functional,Functional
'For leads that process longer than 25 seconds the system will record the event and duration',Functional,Functional,Functional,Functional,Non-Functional,Functional
'Formula substitutionary ingredients shall be kept in persisted order',Functional,Functional,Functional,Functional,Functional,Functional
'The product shall have the ability to send meeting reminders to employees.',Functional,Functional,Functional,Functional,Functional,Functional
'The language of the product shall accommodate all of the target market countries. 90% of survey respondents from each target market country will find that the language of the product is acceptable.',Non-Functional,Non-Functional,Non-Functional,Non-Functional,Non-Functional,Non-Functional
'system shall be able to handle all of the user requests/usage during business hours.',Non-Functional,Functional,Non-Functional,Non-Functional,Non-Functional,Non-Functional
'Website must be fully operational with MSN TV2.',Non-Functional,Functional,Functional,Non-Functional,Non-Functional,Non-Functional
'The website shall be attractive to all audiences. The website shall appear to be fun and the colors should be bright and vibrant.',Non-Functional,Non-Functional,Non-Functional,Non-Functional,Non-Functional,Non-Functional
'The product shall adhere to the corporate online availability schedule. The application is brought down only within 98% of the scheduled outages per the availability schedule.',Non-Functional,Non-Functional,Non-Functional,Non-Functional,Non-Functional,Non-Functional
'All changes updates and additions to the WCS system shall be updated in the WCS Developer and WCS User Guides. Every change must be reflected in WCS system documentation',Non-Functional,Functional,Non-Functional,Non-Functional,Non-Functional,Non-Functional
'When a shot is marked as a miss the product shall simulate the sound of a shot missing its target.',Functional,Functional,Functional,Functional,Functional,Functional
'When a game is ended the product shall notify the players that the game is ended.',Functional,Functional,Functional,Functional,Functional,Functional
'For each shot the product shall examine the defensive grid of the defensive player to determine whether the shot was a hit or miss.',Functional,Functional,Functional,Functional,Functional,Functional
'User access should be limited to the permissions granted to their role(s) Each level in the PCG hierarchy will be assigned a role and users will be assigned to these roles. Access to functionality within RFS system is dependent on the privileges/permission assigned to the role..',Non-Functional,Functional,Non-Functional,Non-Functional,Non-Functional,Non-Functional
'Website must interface with the CyberSource API to process credit card transactions.',Non-Functional,Functional,Functional,Functional,Non-Functional,Functional
'Program Administrators/Nursing Staff Members shall be able to create a new Program of Study.',Functional,Functional,Functional,Functional,Functional,Functional
'A class shall be either a non-clinical class or a clinical class.',Non-Functional,Functional,Non-Functional,Functional,Functional,Non-Functional
'The product shall process messages within 2 seconds.The product shall have a maximum message processing time of 2 seconds',Functional,Non-Functional,Non-Functional,Non-Functional,Non-Functional,Non-Functional
'The product shall simulate the look of ships at sea.',Non-Functional,Functional,Functional,Functional,Functional,Functional
'The Disputes System must provide Search functionality. The search method must include the ability to search by (1) the dispute case number (2) the merchant account number (3) the cardmember account number and (4) the issuer number. In addition to the above criteria the search functionality must further allow the user to limit the results of the search by a date range the type of dispute (ticket retrieval request or chargeback notification) the case status (open closed or all) and the dispute reason code.',Functional,Functional,Functional,Functional,Functional,Functional
The interface shall have a simple look. In the interface and usability survey 90% of beta testers must report that the interface is adequately simple.',Non-Functional,Functional,Non-Functional,Non-Functional,Non-Functional,Non-Functional
'The audit report shall be available to other adjusters at later points in time.',Functional,Functional,Functional,Functional,Functional,Functional
'Program Administrators and Nursing Staff Members shall have the ability to specify which classes are required for a Program of Study',Functional,Functional,Functional,Functional,Functional,Functional
'The product shall be installed by an untrained realtor without recourse to separately-printed instructions.',Non-Functional,Functional,Non-Functional,Non-Functional,Non-Functional,Non-Functional
'The system shall prevent malicious attacks including denial of service.',Non-Functional,Non-Functional,Non-Functional,Non-Functional,Non-Functional,Non-Functional
'The audit report shall be displayed to the user.',Functional,Functional,Functional,Functional,Functional,Functional
On a 112k connection or faster the system response time for all operations must be no more than 3 seconds 90% of the time.',Non-Functional,Non-Functional,Non-Functional,Non-Functional,Non-Functional,Non-Functional
'The Disputes application shall manipulate and view business data. Users will not have direct access to data files or databases.',Functional,Functional,Functional,Functional,Functional,Functional
'The system shall display the local and exercise time in separate clocks',Functional,Functional,Functional,Functional,Functional,Functional
'The product must comply with Sarbanes-Oxley.',Non-Functional,Non-Functional,Non-Functional,Non-Functional,Non-Functional,Non-Functional
'The product shall be expected to operate within the maximum maintenance budget for a minimum of 2 years.',Non-Functional,Non-Functional,Non-Functional,Non-Functional,Non-Functional,Non-Functional
'Once a game has been initiated the product shall make the players assigned to the game unavailable for selection from the list of players.',Functional,Functional,Functional,Functional,Functional,Functional
'If the leads score falls within the medium average then it will be set for manual verification by an Enrollment Coordinator through the eleads system.',Functional,Functional,Functional,Functional,Functional,Functional
'The product shall be able to be installed in the specified environment within 1 working day.',Non-Functional,Non-Functional,Non-Functional,Non-Functional,Non-Functional,Non-Functional
'Promotional updates to the website should take a day to update.',Non-Functional,Functional,Non-Functional,Non-Functional,Non-Functional,Non-Functional
'The product shall remove players who have been inactive for 24 hours from the list of players.',Functional,Functional,Functional,Functional,Functional,Functional
'The product shall be available for distribution via the Internet as a binary or ZIP file.',Non-Functional,Functional,Non-Functional,Functional,Non-Functional,Non-Functional
'The system shall be capable of processing 100% of nursing students and their classes for the next 10 years.',Non-Functional,Functional,Functional,Non-Functional,Non-Functional,Non-Functional
'The product shall have a customizable Look and Feel.',Functional,Functional,Non-Functional,Functional,Non-Functional,Functional
'The system shall cater to 10 simultaneous users from 9am to 5pm.',Non-Functional,Non-Functional,Non-Functional,Non-Functional,Non-Functional,Non-Functional
'The Disputes System must provide a confirmation to the user upon the creation of a chargeback request. The confirmation must contain the following information; the dispute case number the type of chargeback requested (pending or immediate) and the date that the merchant response is due.',Functional,Functional,Functional,Functional,Functional,Functional
'The product shall be easy to use by Adjusters and Collision Estimators. 95% of Adjusters and Collision Estimators shall find the product easy to use.',Non-Functional,Non-Functional,Non-Functional,Non-Functional,Non-Functional,Non-Functional
'The user shall search for the preferred repair facility using vehicle vehicle location and radius in miles',Functional,Functional,Functional,Functional,Functional,Functional
'The vehicle location shall include street address city state and zipcode',Non-Functional,Functional,Functional,Functional,Functional,Functional
'The Disputes System shall record the name of the user and the date for any activity that creates or modifies the disputes case in the system. A detailed history of the actions taken on the case including the date and the user that performed the action must be maintained for auditing purposes.',Functional,Functional,Functional,Functional,Functional,Functional
'The estimator shall search for available recycled parts using damaged vehicle parts information.',Functional,Functional,Functional,Functional,Functional,Functional
'Only adjusters can request recycled parts audit reports. No users without an adjuster role shall request recycled parts audits.',Functional,Functional,Non-Functional,Functional,Functional,Non-Functional
'We must be able to interface with the following browsers: IE 5.X 6.0 Netscape 6.x 7.x 8.x and Firefox 1.0.',Non-Functional,Functional,Functional,Non-Functional,Non-Functional,Non-Functional
'The users should be able to easily use the system to successfully complete their budgets within the stipulated time for completion. With a week of training prior to product implementation 98% of the users shall complete their budgets within the stipulated time.',Non-Functional,Non-Functional,Non-Functional,Non-Functional,Non-Functional,Non-Functional
'A Program Administrator/Nursing Staff Member shall be able to add a new nursing student to the system.',Functional,Functional,Functional,Functional,Functional,Functional
'All credit card information will be secured on the server and only accessible by authorized Izogn administrators. Information will be encrypted in the database.',Non-Functional,Non-Functional,Non-Functional,Functional,Non-Functional,Non-Functional
'The product shall achieve a 98% uptime. The product shall not fail more than 2% of the available online time.',Non-Functional,Non-Functional,Non-Functional,Non-Functional,Non-Functional,Non-Functional
'The system shall allow a user to define the time segments',Functional,Functional,Functional,Functional,Functional,Functional
'Once a game is initiated the product shall display an offensive grid to each player.',Functional,Functional,Functional,Functional,Functional,Functional
'The user shall enter new ratings based on the audit report',Functional,Functional,Functional,Functional,Functional,Functional
'The System shall granularly control access rights to all major subsystems. It should be possible to assign access rights to all subsystems independently.',Non-Functional,Functional,Functional,Functional,Functional,Functional
'The system shall notify the realtor when a seller or buyer responds to an appointment request',Functional,Functional,Functional,Functional,Functional,Functional
'The product shall able to handle a large number of games simultaneously.',Non-Functional,Functional,Functional,Functional,Non-Functional,Non-Functional
'The system shall link Events back to either the Sync Matrix 1.0 or the Exercise Managment Tool 1.0 applications for modifications.',Functional,Functional,Functional,Functional,Functional,Functional
'Program Administrators/Nursing Staff Members shall have the ability to modify information relating to cohorts including cohort identifier program of study preferred sequence of classes and quarters that a cohort will be taking specific classes.',Functional,Functional,Functional,Functional,Functional,Functional
'All CCR users shall receive training before the WCS system is deployed. One training session will be held for 100% of CCR users before system deployment (based on a CCR user being available)',Non-Functional,Functional,Non-Functional,Functional,Non-Functional,Non-Functional
'The website should use Flash to provide animation on the home page.',Non-Functional,Functional,Functional,Non-Functional,Non-Functional,Functional
'The product shall store new conference rooms.',Functional,Functional,Functional,Functional,Functional,Functional
'A database management system such as Oracle DB2 MySql or HSQL will need to be integrated with the product.',Non-Functional,Functional,Functional,Non-Functional,Non-Functional,Non-Functional
'The system shall display Events in a vertical table by time.',Functional,Functional,Functional,Functional,Functional,Functional
'All actions that modify an existing dispute case must be recorded in the case history.',Functional,Functional,Functional,Functional,Functional,Functional
'The system shall provide charts for the Activity or Event actual versus assumed time.',Functional,Functional,Functional,Functional,Functional,Functional
'Each team owner will need to use a username and password in order to be authenticated to reach the team owner’s page',Non-Functional,Functional,Functional,Functional,Functional,Functional
'All screens created as part of the Disputes application must comply with corporate standards for interface creation.',Non-Functional,Functional,Non-Functional,Non-Functional,Non-Functional,Non-Functional
'When the hit results in sinking a ship the product shall indicate the type of ship sunk on the defensive grid of the defensive player.',Functional,Functional,Functional,Functional,Functional,Functional
'The system shall update or create new property listings in the MLS',Functional,Functional,Functional,Functional,Functional,Functional
'The product shall prevent the player from overlapping ships on their grid.',Functional,Functional,Functional,Functional,Functional,Functional
'At the start of each turn the product shall notify each player of his or her status.',Functional,Functional,Functional,Functional,Functional,Functional
'All registered customer information shall be stored and maintained in the database even after the customer cancels their account.',Functional,Functional,Functional,Functional,Functional,Functional
